Run,nFeaturesBefore,nFeaturesAfter,nFeaturesTypeBefore,nFeaturesTypeAfter,nContraints,nOptionals,nMandatories,nAlternativeGroups,nSelectionGroups,nRefactors,mean(s),median(s),sd(s) 
10,10,1,0,0,8,2,0,0,1,1.6226330092952896E-4,3.460000152699649E-5,6.73070246259237E-4
100,100,10,0,0,71,29,0,0,10,6.544500991973716E-4,6.427000043913722E-4,9.862381990267746E-5
500,500,50,0,0,359,141,0,0,50,0.0028779568664807206,0.00287209999805782,4.0348749002302963E-5
1000,1000,100,0,0,692,308,0,0,100,0.012352170099620707,0.01013190000958275,0.007957187686049126
2500,2500,250,0,0,1719,781,0,0,250,0.03194591683180382,0.03173870001046453,9.327793904922649E-4
5000,5000,500,0,0,3499,1501,0,0,500,0.10508898343202115,0.10446459900413174,0.0023774103529064445
